algorithm,n,time,comparisons
insertionMergeSort,30,0.0812227725982666,"132
"
insertionMergeSort,30,0.07326507568359375,"119
"
insertionMergeSort,30,0.11783504486083984,"124
"
insertionMergeSort,30,0.07094502449035645,"124
"
insertionMergeSort,30,0.06973004341125488,"129
"
insertionMergeSort,42,0.06983304023742676,"202
"
insertionMergeSort,42,0.06967782974243164,"198
"
insertionMergeSort,42,0.07018113136291504,"185
"
insertionMergeSort,42,0.0709230899810791,"186
"
insertionMergeSort,42,0.06950807571411133,"202
"
insertionMergeSort,59,0.0702662467956543,"289
"
insertionMergeSort,59,0.07035708427429199,"297
"
insertionMergeSort,59,0.06976103782653809,"300
"
insertionMergeSort,59,0.06995105743408203,"298
"
insertionMergeSort,59,0.07391071319580078,"300
"
insertionMergeSort,84,0.06958675384521484,"459
"
insertionMergeSort,84,0.07237410545349121,"490
"
insertionMergeSort,84,0.07060503959655762,"450
"
insertionMergeSort,84,0.0707700252532959,"465
"
insertionMergeSort,84,0.07112407684326172,"475
"
insertionMergeSort,118,0.07298398017883301,"686
"
insertionMergeSort,118,0.0712888240814209,"708
"
insertionMergeSort,118,0.0713810920715332,"680
"
insertionMergeSort,118,0.07172822952270508,"717
"
insertionMergeSort,118,0.07140302658081055,"680
"
insertionMergeSort,167,0.07142138481140137,"1060
"
insertionMergeSort,167,0.07039809226989746,"1109
"
insertionMergeSort,167,0.07057809829711914,"1100
"
insertionMergeSort,167,0.07154679298400879,"1100
"
insertionMergeSort,167,0.07125711441040039,"1085
"
insertionMergeSort,235,0.07132697105407715,"1637
"
insertionMergeSort,235,0.0713040828704834,"1662
"
insertionMergeSort,235,0.0737910270690918,"1640
"
insertionMergeSort,235,0.0780951976776123,"1649
"
insertionMergeSort,235,0.07186508178710938,"1668
"
insertionMergeSort,332,0.0851430892944336,"2501
"
insertionMergeSort,332,0.08756780624389648,"2540
"
insertionMergeSort,332,0.07557010650634766,"2503
"
insertionMergeSort,332,0.08537101745605469,"2533
"
insertionMergeSort,332,0.07492399215698242,"2568
"
insertionMergeSort,468,0.07334303855895996,"3714
"
insertionMergeSort,468,0.07316708564758301,"3717
"
insertionMergeSort,468,0.07275009155273438,"3752
"
insertionMergeSort,468,0.0729212760925293,"3752
"
insertionMergeSort,468,0.08553123474121094,"3730
"
insertionMergeSort,660,0.08948302268981934,"5749
"
insertionMergeSort,660,0.08980083465576172,"5748
"
insertionMergeSort,660,0.08980131149291992,"5683
"
insertionMergeSort,660,0.08992695808410645,"5677
"
insertionMergeSort,660,0.08823704719543457,"5722
"
insertionMergeSort,931,0.07755517959594727,"8342
"
insertionMergeSort,931,0.08958792686462402,"8289
"
insertionMergeSort,931,0.07800102233886719,"8361
"
insertionMergeSort,931,0.08820033073425293,"8329
"
insertionMergeSort,931,0.09073090553283691,"8342
"
insertionMergeSort,1313,0.07886266708374023,"12767
"
insertionMergeSort,1313,0.08857607841491699,"12716
"
insertionMergeSort,1313,0.0921471118927002,"12733
"
insertionMergeSort,1313,0.09139585494995117,"12766
"
insertionMergeSort,1313,0.09187006950378418,"12721
"
insertionMergeSort,1852,0.09324169158935547,"18336
"
insertionMergeSort,1852,0.0922999382019043,"18419
"
insertionMergeSort,1852,0.09226703643798828,"18446
"
insertionMergeSort,1852,0.0928797721862793,"18453
"
insertionMergeSort,1852,0.09265017509460449,"18414
"
insertionMergeSort,2611,0.09415197372436523,"27804
"
insertionMergeSort,2611,0.09361004829406738,"27933
"
insertionMergeSort,2611,0.09510302543640137,"27955
"
insertionMergeSort,2611,0.09419798851013184,"27973
"
insertionMergeSort,2611,0.09386587142944336,"27962
"
insertionMergeSort,3682,0.0968780517578125,"40273
"
insertionMergeSort,3682,0.09580588340759277,"40133
"
insertionMergeSort,3682,0.0966949462890625,"40237
"
insertionMergeSort,3682,0.08462405204772949,"40138
"
insertionMergeSort,3682,0.08103299140930176,"40220
"
insertionMergeSort,5192,0.09739422798156738,"60826
"
insertionMergeSort,5192,0.10005593299865723,"60625
"
insertionMergeSort,5192,0.08614563941955566,"60860
"
insertionMergeSort,5192,0.09760713577270508,"60914
"
insertionMergeSort,5192,0.08689308166503906,"60849
"
insertionMergeSort,7321,0.10186195373535156,"87292
"
insertionMergeSort,7321,0.10413599014282227,"87470
"
insertionMergeSort,7321,0.09094119071960449,"87343
"
insertionMergeSort,7321,0.10123085975646973,"87286
"
insertionMergeSort,7321,0.10428023338317871,"87277
"
insertionMergeSort,10323,0.10865497589111328,"131366
"
insertionMergeSort,10323,0.10692405700683594,"131142
"
insertionMergeSort,10323,0.10767102241516113,"131370
"
insertionMergeSort,10323,0.11432218551635742,"131718
"
insertionMergeSort,10323,0.10893797874450684,"131583
"
insertionMergeSort,14556,0.11774706840515137,"188134
"
insertionMergeSort,14556,0.11529111862182617,"187648
"
insertionMergeSort,14556,0.11451101303100586,"188107
"
insertionMergeSort,14556,0.11623501777648926,"187929
"
insertionMergeSort,14556,0.11506295204162598,"187681
"
insertionMergeSort,20525,0.12708210945129395,"282097
"
insertionMergeSort,20525,0.11449384689331055,"282141
"
insertionMergeSort,20525,0.12607502937316895,"282207
"
insertionMergeSort,20525,0.11165976524353027,"282647
"
insertionMergeSort,20525,0.12444210052490234,"282462
"
insertionMergeSort,28940,0.137955904006958,"402053
"
insertionMergeSort,28940,0.12629294395446777,"402158
"
insertionMergeSort,28940,0.13676691055297852,"402002
"
insertionMergeSort,28940,0.13906502723693848,"402122
"
insertionMergeSort,28940,0.13990211486816406,"402255
"
insertionMergeSort,40805,0.15302801132202148,"602232
"
insertionMergeSort,40805,0.15098905563354492,"602472
"
insertionMergeSort,40805,0.14847397804260254,"601941
"
insertionMergeSort,40805,0.14934396743774414,"601983
"
insertionMergeSort,40805,0.14072394371032715,"601991
"
insertionMergeSort,57536,0.168198823928833,"855932
"
insertionMergeSort,57536,0.1719508171081543,"856034
"
insertionMergeSort,57536,0.17105507850646973,"855390
"
insertionMergeSort,57536,0.1703500747680664,"856163
"
insertionMergeSort,57536,0.1760878562927246,"855854
"
insertionMergeSort,81126,0.19084501266479492,"1277470
"
insertionMergeSort,81126,0.19619107246398926,"1277410
"
insertionMergeSort,81126,0.18629980087280273,"1276715
"
insertionMergeSort,81126,0.18524718284606934,"1278053
"
insertionMergeSort,81126,0.18250107765197754,"1277922
"
insertionMergeSort,114387,0.2192220687866211,"1814131
"
insertionMergeSort,114387,0.23000812530517578,"1814171
"
insertionMergeSort,114387,0.21854281425476074,"1815151
"
insertionMergeSort,114387,0.21409320831298828,"1814345
"
insertionMergeSort,114387,0.2177133560180664,"1814971
"
insertionMergeSort,161286,0.2532367706298828,"2698405
"
insertionMergeSort,161286,0.274860143661499,"2696827
"
insertionMergeSort,161286,0.251054048538208,"2697400
"
insertionMergeSort,161286,0.2326490879058838,"2698027
"
insertionMergeSort,161286,0.24665594100952148,"2699103
"
insertionMergeSort,227414,0.3434138298034668,"3832678
"
insertionMergeSort,227414,0.35564208030700684,"3831477
"
insertionMergeSort,227414,0.3498411178588867,"3830834
"
insertionMergeSort,227414,0.349672794342041,"3832151
"
insertionMergeSort,227414,0.36185216903686523,"3832393
"
insertionMergeSort,320654,0.5125460624694824,"5680497
"
insertionMergeSort,320654,0.4618339538574219,"5679985
"
insertionMergeSort,320654,0.42927980422973633,"5678476
"
insertionMergeSort,320654,0.4114701747894287,"5680453
"
insertionMergeSort,320654,0.43267202377319336,"5680733
"
insertionMergeSort,452122,0.46543407440185547,"8064138
"
insertionMergeSort,452122,0.45444774627685547,"8065635
"
insertionMergeSort,452122,0.489001989364624,"8064782
"
insertionMergeSort,452122,0.4888272285461426,"8065130
"
insertionMergeSort,452122,0.6062779426574707,"8065450
"
insertionMergeSort,637493,0.7197940349578857,"11920348
"
insertionMergeSort,637493,0.5914959907531738,"11919156
"
insertionMergeSort,637493,0.6091361045837402,"11919792
"
insertionMergeSort,637493,0.7263288497924805,"11919999
"
insertionMergeSort,637493,0.6615099906921387,"11919565
"
recursiveMergeSort,30,0.0699000358581543,"112
"
recursiveMergeSort,30,0.0697629451751709,"107
"
recursiveMergeSort,30,0.0699758529663086,"114
"
recursiveMergeSort,30,0.07040572166442871,"105
"
recursiveMergeSort,30,0.07034015655517578,"113
"
recursiveMergeSort,42,0.07041621208190918,"167
"
recursiveMergeSort,42,0.07269716262817383,"178
"
recursiveMergeSort,42,0.08188915252685547,"178
"
recursiveMergeSort,42,0.07828617095947266,"178
"
recursiveMergeSort,42,0.07572197914123535,"178
"
recursiveMergeSort,59,0.07589292526245117,"274
"
recursiveMergeSort,59,0.0792388916015625,"281
"
recursiveMergeSort,59,0.07479119300842285,"276
"
recursiveMergeSort,59,0.07481813430786133,"279
"
recursiveMergeSort,59,0.08906292915344238,"269
"
recursiveMergeSort,84,0.07257080078125,"419
"
recursiveMergeSort,84,0.071044921875,"423
"
recursiveMergeSort,84,0.07274508476257324,"424
"
recursiveMergeSort,84,0.07671689987182617,"437
"
recursiveMergeSort,84,0.07395696640014648,"442
"
recursiveMergeSort,118,0.07356595993041992,"653
"
recursiveMergeSort,118,0.07417821884155273,"667
"
recursiveMergeSort,118,0.07297730445861816,"670
"
recursiveMergeSort,118,0.0760030746459961,"661
"
recursiveMergeSort,118,0.07889890670776367,"664
"
recursiveMergeSort,167,0.07354497909545898,"1024
"
recursiveMergeSort,167,0.07338809967041016,"1032
"
recursiveMergeSort,167,0.07363629341125488,"1037
"
recursiveMergeSort,167,0.07428193092346191,"1021
"
recursiveMergeSort,167,0.07361626625061035,"1015
"
recursiveMergeSort,235,0.07381677627563477,"1564
"
recursiveMergeSort,235,0.07250404357910156,"1561
"
recursiveMergeSort,235,0.07251620292663574,"1551
"
recursiveMergeSort,235,0.07288289070129395,"1549
"
recursiveMergeSort,235,0.07324099540710449,"1562
"
recursiveMergeSort,332,0.08687615394592285,"2368
"
recursiveMergeSort,332,0.08882594108581543,"2372
"
recursiveMergeSort,332,0.0757761001586914,"2379
"
recursiveMergeSort,332,0.07395195960998535,"2361
"
recursiveMergeSort,332,0.08658409118652344,"2365
"
recursiveMergeSort,468,0.07712626457214355,"3561
"
recursiveMergeSort,468,0.0753629207611084,"3577
"
recursiveMergeSort,468,0.07429194450378418,"3590
"
recursiveMergeSort,468,0.0871889591217041,"3570
"
recursiveMergeSort,468,0.07729911804199219,"3554
"
recursiveMergeSort,660,0.08913993835449219,"5357
"
recursiveMergeSort,660,0.09146785736083984,"5365
"
recursiveMergeSort,660,0.09126615524291992,"5354
"
recursiveMergeSort,660,0.0899958610534668,"5357
"
recursiveMergeSort,660,0.0905308723449707,"5359
"
recursiveMergeSort,931,0.09188508987426758,"7992
"
recursiveMergeSort,931,0.07916116714477539,"8022
"
recursiveMergeSort,931,0.07790493965148926,"7986
"
recursiveMergeSort,931,0.07679390907287598,"8018
"
recursiveMergeSort,931,0.07695221900939941,"7987
"
recursiveMergeSort,1313,0.09038901329040527,"11994
"
recursiveMergeSort,1313,0.09342312812805176,"11996
"
recursiveMergeSort,1313,0.092041015625,"11964
"
recursiveMergeSort,1313,0.08097505569458008,"12001
"
recursiveMergeSort,1313,0.08997082710266113,"12004
"
recursiveMergeSort,1852,0.09363508224487305,"17755
"
recursiveMergeSort,1852,0.0926051139831543,"17790
"
recursiveMergeSort,1852,0.09365487098693848,"17818
"
recursiveMergeSort,1852,0.09337782859802246,"17808
"
recursiveMergeSort,1852,0.09404182434082031,"17801
"
recursiveMergeSort,2611,0.09456777572631836,"26443
"
recursiveMergeSort,2611,0.09462809562683105,"26468
"
recursiveMergeSort,2611,0.09531307220458984,"26445
"
recursiveMergeSort,2611,0.09497308731079102,"26425
"
recursiveMergeSort,2611,0.09631514549255371,"26361
"
recursiveMergeSort,3682,0.09803271293640137,"38991
"
recursiveMergeSort,3682,0.09937119483947754,"39058
"
recursiveMergeSort,3682,0.09940910339355469,"39073
"
recursiveMergeSort,3682,0.1014101505279541,"38992
"
recursiveMergeSort,3682,0.10069417953491211,"39072
"
recursiveMergeSort,5192,0.10294127464294434,"57724
"
recursiveMergeSort,5192,0.1644737720489502,"57571
"
recursiveMergeSort,5192,0.10851597785949707,"57690
"
recursiveMergeSort,5192,0.1094059944152832,"57681
"
recursiveMergeSort,5192,0.11052393913269043,"57626
"
recursiveMergeSort,7321,0.11647677421569824,"84774
"
recursiveMergeSort,7321,0.1427450180053711,"84901
"
recursiveMergeSort,7321,0.1210639476776123,"84792
"
recursiveMergeSort,7321,0.12697124481201172,"84770
"
recursiveMergeSort,7321,0.11770415306091309,"84797
"
recursiveMergeSort,10323,0.1150369644165039,"124739
"
recursiveMergeSort,10323,0.11395716667175293,"124724
"
recursiveMergeSort,10323,0.11119508743286133,"124871
"
recursiveMergeSort,10323,0.11544394493103027,"124847
"
recursiveMergeSort,10323,0.11401700973510742,"124779
"
recursiveMergeSort,14556,0.12084293365478516,"183129
"
recursiveMergeSort,14556,0.11956477165222168,"183164
"
recursiveMergeSort,14556,0.12085604667663574,"183128
"
recursiveMergeSort,14556,0.12120485305786133,"183179
"
recursiveMergeSort,14556,0.11719083786010742,"183161
"
recursiveMergeSort,20525,0.1988811492919922,"268512
"
recursiveMergeSort,20525,0.14940690994262695,"268620
"
recursiveMergeSort,20525,0.13220810890197754,"268610
"
recursiveMergeSort,20525,0.13267207145690918,"268499
"
recursiveMergeSort,20525,0.13173294067382812,"268486
"
recursiveMergeSort,28940,0.13922405242919922,"392651
"
recursiveMergeSort,28940,0.1387789249420166,"392578
"
recursiveMergeSort,28940,0.14582490921020508,"392747
"
recursiveMergeSort,28940,0.20329713821411133,"392660
"
recursiveMergeSort,28940,0.14929580688476562,"392734
"
recursiveMergeSort,40805,0.15961098670959473,"574296
"
recursiveMergeSort,40805,0.15948009490966797,"574105
"
recursiveMergeSort,40805,0.15659809112548828,"574381
"
recursiveMergeSort,40805,0.1693859100341797,"574149
"
recursiveMergeSort,40805,0.15732407569885254,"574167
"
recursiveMergeSort,57536,0.17476129531860352,"837890
"
recursiveMergeSort,57536,0.1748030185699463,"837715
"
recursiveMergeSort,57536,0.23773407936096191,"837639
"
recursiveMergeSort,57536,0.18986773490905762,"837911
"
recursiveMergeSort,57536,0.18314886093139648,"837800
"
recursiveMergeSort,81126,0.2647569179534912,"1222212
"
recursiveMergeSort,81126,0.20664596557617188,"1221703
"
recursiveMergeSort,81126,0.21189594268798828,"1222242
"
recursiveMergeSort,81126,0.19307327270507812,"1222309
"
recursiveMergeSort,81126,0.2072000503540039,"1222236
"
recursiveMergeSort,114387,0.2147519588470459,"1779075
"
recursiveMergeSort,114387,0.22975993156433105,"1779196
"
recursiveMergeSort,114387,0.23155784606933594,"1779404
"
recursiveMergeSort,114387,0.21839594841003418,"1779372
"
recursiveMergeSort,114387,0.23919916152954102,"1778832
"
recursiveMergeSort,161286,0.24104094505310059,"2589904
"
recursiveMergeSort,161286,0.30262112617492676,"2589714
"
recursiveMergeSort,161286,0.25189208984375,"2589643
"
recursiveMergeSort,161286,0.24999713897705078,"2590141
"
recursiveMergeSort,161286,0.32573485374450684,"2589319
"
recursiveMergeSort,227414,0.4266970157623291,"3763002
"
recursiveMergeSort,227414,0.42448902130126953,"3762874
"
recursiveMergeSort,227414,0.42781591415405273,"3762677
"
recursiveMergeSort,227414,0.44085073471069336,"3763372
"
recursiveMergeSort,227414,0.4393010139465332,"3762273
"
recursiveMergeSort,320654,0.5020737648010254,"5466172
"
recursiveMergeSort,320654,0.39386701583862305,"5466763
"
recursiveMergeSort,320654,0.552797794342041,"5465816
"
recursiveMergeSort,320654,0.48640012741088867,"5465851
"
recursiveMergeSort,320654,0.5590038299560547,"5466262
"
recursiveMergeSort,452122,0.7426040172576904,"7929355
"
recursiveMergeSort,452122,0.7386651039123535,"7929504
"
recursiveMergeSort,452122,0.7978909015655518,"7929220
"
recursiveMergeSort,452122,0.6070070266723633,"7928808
"
recursiveMergeSort,452122,0.576988935470581,"7929064
"
recursiveMergeSort,637493,0.8713412284851074,"11499490
"
recursiveMergeSort,637493,0.9565548896789551,"11500557
"
recursiveMergeSort,637493,0.8336610794067383,"11499142
"
recursiveMergeSort,637493,0.8372340202331543,"11500066
"
recursiveMergeSort,637493,1.0413320064544678,"11500427
"
